{
	"class_name" : "PinholeCameraParameters",
	"extrinsic" : 
	[
		0.92908276156012704,
		0.13177886990678783,
		-0.34560027722485731,
		0.0,
		-0.15284107617305476,
		0.98765578908908558,
		-0.034287719566605222,
		0.0,
		0.33681571757575512,
		0.084678047479294027,
		0.93775519229115645,
		0.0,
		-0.61182070846502468,
		-0.27518512720789623,
		0.76143261876375867,
		1.0
	],
	"intrinsic" : 
	{
		"height" : 1080,
		"intrinsic_matrix" : 
		[
			935.30743608719376,
			0.0,
			0.0,
			0.0,
			935.30743608719376,
			0.0,
			959.5,
			539.5,
			1.0
		],
		"width" : 1920
	},
	"version_major" : 1,
	"version_minor" : 0
}