{
	"class_name" : "PinholeCameraParameters",
	"extrinsic" : 
	[
		-0.12728242421218183,
		0.98748875611594111,
		-0.093086739287943629,
		0.0,
		-0.94568086624529513,
		-0.092515112338028005,
		0.31165470188436195,
		0.0,
		0.29914358375906819,
		0.12769851421873887,
		0.94562477006585866,
		0.0,
		-0.34648788043053963,
		-0.27275991563563928,
		0.6850624022735412,
		1.0
	],
	"intrinsic" : 
	{
		"height" : 1080,
		"intrinsic_matrix" : 
		[
			935.30743608719376,
			0.0,
			0.0,
			0.0,
			935.30743608719376,
			0.0,
			959.5,
			539.5,
			1.0
		],
		"width" : 1920
	},
	"version_major" : 1,
	"version_minor" : 0
}