{
	"class_name" : "PinholeCameraParameters",
	"extrinsic" : 
	[
		-0.70951355549477302,
		0.17185336439765633,
		-0.6834156390618904,
		0.0,
		0.70468960697289329,
		0.17544097949770332,
		-0.68748310563771353,
		0.0,
		0.0017528244506764823,
		-0.96937448071325505,
		-0.24558103295725489,
		0.0,
		-0.0010960015152045085,
		0.60612795494300498,
		4.3104782079462343,
		1.0
	],
	"intrinsic" : 
	{
		"height" : 1080,
		"intrinsic_matrix" : 
		[
			935.30743608719376,
			0.0,
			0.0,
			0.0,
			935.30743608719376,
			0.0,
			959.5,
			539.5,
			1.0
		],
		"width" : 1920
	},
	"version_major" : 1,
	"version_minor" : 0
}